config,variant,app,simpoint,weight,cycles,core_area,core_runtime_dynamic,core_subthreshold_leakage,core_gate_leakage,core_peak_power,ifuse_area,ifuse_runtime_dynamic,ifuse_subthreshold_leakage,ifuse_gate_leakage,ifuse_peak_dynamic
baseline,nominal,bfs,103,0.0175294,9331461.0,21.6302,7.09771,8.70734,0.00674229,,,,,,
baseline,nominal,bfs,17,0.877547,9331461.0,21.6302,7.09771,8.70734,0.00674229,,,,,,
baseline,nominal,bfs,94,0.0286156,9331461.0,21.6302,7.09771,8.70734,0.00674229,,,,,,
baseline,nominal,bfs,96,0.0667698,9331461.0,21.6302,7.09771,8.70734,0.00674229,,,,,,
baseline,nominal,dfs,28,0.370983,9322801.0,21.6302,7.10678,8.70734,0.00674229,,,,,,
baseline,nominal,dfs,8,0.527186,9322801.0,21.6302,7.10678,8.70734,0.00674229,,,,,,
baseline,nominal,dfs,94,0.0292881,9322801.0,21.6302,7.10678,8.70734,0.00674229,,,,,,
baseline,nominal,dfs,96,0.068339,9322801.0,21.6302,7.10678,8.70734,0.00674229,,,,,,
baseline,nominal,pagerank,107,0.0396669,9229202.0,21.6302,7.17349,8.70734,0.00674229,,,,,,
baseline,nominal,pagerank,91,0.842556,9229202.0,21.6302,7.17349,8.70734,0.00674229,,,,,,
baseline,nominal,pagerank,94,0.036239,9229202.0,21.6302,7.17349,8.70734,0.00674229,,,,,,
baseline,nominal,pagerank,97,0.0181195,9229202.0,21.6302,7.17349,8.70734,0.00674229,,,,,,
baseline,nominal,pagerank,99,0.0634182,9229202.0,21.6302,7.17349,8.70734,0.00674229,,,,,,
baseline,nominal,corebench,4,0.1,14188875.0,21.6302,6.15741,8.70734,0.00674229,,,,,,
baseline,nominal,corebench,8,0.3,14356316.0,21.6302,6.06758,8.70734,0.00674229,,,,,,
baseline,nominal,corebench,9,0.6,14206884.0,21.6302,6.15353,8.70734,0.00674229,,,,,,
baseline,nominal,appworld,4,0.100654,19497466.0,21.6302,5.01377,8.70734,0.00674229,,,,,,
baseline,nominal,appworld,5,0.100654,19497466.0,21.6302,5.01377,8.70734,0.00674229,,,,,,
baseline,nominal,appworld,9,0.798692,19497466.0,21.6302,5.01377,8.70734,0.00674229,,,,,,
baseline,nominal,terminal_bench,12,0.411628,16963874.0,21.6302,4.34583,8.70734,0.00674229,,,,,,
baseline,nominal,terminal_bench,5,0.588372,16643854.0,21.6302,4.42464,8.70734,0.00674229,,,,,,
baseline,nominal,cachebench,0,1.0,21581828.0,21.6302,4.11974,8.70734,0.00674229,,,,,,
baseline,nominal,clickhouse,17,1.0,16083426.0,21.6302,6.24484,8.70734,0.00674229,,,,,,
baseline,nominal,duckdb,5,0.299944,10514872.0,21.6302,8.10566,8.70734,0.00674229,,,,,,
baseline,nominal,duckdb,6,0.69987,10514872.0,21.6302,8.10566,8.70734,0.00674229,,,,,,
baseline,nominal,leveldb,5,0.59994,17182311.0,21.6302,4.92658,8.70734,0.00674229,,,,,,
baseline,nominal,leveldb,9,0.39996,17182311.0,21.6302,4.92658,8.70734,0.00674229,,,,,,
baseline,nominal,memcached,149,0.011685802337160467,19862610.0,21.6302,5.13734,8.70734,0.00674229,,,,,,
baseline,nominal,memcached,156,0.12854302570860512,19873031.0,21.6302,5.17332,8.70734,0.00674229,,,,,,
baseline,nominal,memcached,162,0.17528603505720702,17517320.0,21.6302,5.7041,8.70734,0.00674229,,,,,,
baseline,nominal,memcached,169,0.1527830305566061,18112293.0,21.6302,6.1594,8.70734,0.00674229,,,,,,
baseline,nominal,memcached,216,0.5317021063404213,24806966.0,21.6302,4.68338,8.70734,0.00674229,,,,,,
ifuse,conservative,bfs,103,0.0175294,7814365.0,21.9947,8.50099,8.78519,0.00683291,,0.364543,0.130758,0.0778422,9.06158e-05,0.729174
ifuse,nominal,bfs,103,0.0175294,7814365.0,21.9947,7.78991,8.78519,0.00683291,,0.364543,0.130758,0.0778422,9.06158e-05,0.729174
ifuse,conservative,bfs,17,0.877547,7814365.0,21.9947,8.50099,8.78519,0.00683291,,0.364543,0.130758,0.0778422,9.06158e-05,0.729174
ifuse,nominal,bfs,17,0.877547,7814365.0,21.9947,7.78991,8.78519,0.00683291,,0.364543,0.130758,0.0778422,9.06158e-05,0.729174
ifuse,conservative,bfs,94,0.0286156,7814365.0,21.9947,8.50099,8.78519,0.00683291,,0.364543,0.130758,0.0778422,9.06158e-05,0.729174
ifuse,nominal,bfs,94,0.0286156,7814365.0,21.9947,7.78991,8.78519,0.00683291,,0.364543,0.130758,0.0778422,9.06158e-05,0.729174
ifuse,conservative,bfs,96,0.0667698,7814365.0,21.9947,8.50099,8.78519,0.00683291,,0.364543,0.130758,0.0778422,9.06158e-05,0.729174
ifuse,nominal,bfs,96,0.0667698,7814365.0,21.9947,7.78991,8.78519,0.00683291,,0.364543,0.130758,0.0778422,9.06158e-05,0.729174
ifuse,conservative,dfs,28,0.370983,7675985.0,21.9947,8.66807,8.78519,0.00683291,,0.364543,0.13265,0.0778422,9.06158e-05,0.729174
ifuse,nominal,dfs,28,0.370983,7675985.0,21.9947,7.97635,8.78519,0.00683291,,0.364543,0.13265,0.0778422,9.06158e-05,0.729174
ifuse,conservative,dfs,8,0.527186,7675985.0,21.9947,8.66807,8.78519,0.00683291,,0.364543,0.13265,0.0778422,9.06158e-05,0.729174
ifuse,nominal,dfs,8,0.527186,7675985.0,21.9947,7.97635,8.78519,0.00683291,,0.364543,0.13265,0.0778422,9.06158e-05,0.729174
ifuse,conservative,dfs,94,0.0292881,7675985.0,21.9947,8.66807,8.78519,0.00683291,,0.364543,0.13265,0.0778422,9.06158e-05,0.729174
ifuse,nominal,dfs,94,0.0292881,7675985.0,21.9947,7.97635,8.78519,0.00683291,,0.364543,0.13265,0.0778422,9.06158e-05,0.729174
ifuse,conservative,dfs,96,0.068339,7675985.0,21.9947,8.66807,8.78519,0.00683291,,0.364543,0.13265,0.0778422,9.06158e-05,0.729174
ifuse,nominal,dfs,96,0.068339,7675985.0,21.9947,7.97635,8.78519,0.00683291,,0.364543,0.13265,0.0778422,9.06158e-05,0.729174
ifuse,conservative,pagerank,107,0.0396669,7722266.0,21.9947,8.59655,8.78519,0.00683291,,0.364543,0.132516,0.0778422,9.06158e-05,0.729174
ifuse,nominal,pagerank,107,0.0396669,7722266.0,21.9947,7.89694,8.78519,0.00683291,,0.364543,0.132516,0.0778422,9.06158e-05,0.729174
ifuse,conservative,pagerank,91,0.842556,7722266.0,21.9947,8.59655,8.78519,0.00683291,,0.364543,0.132516,0.0778422,9.06158e-05,0.729174
ifuse,nominal,pagerank,91,0.842556,7722266.0,21.9947,7.89694,8.78519,0.00683291,,0.364543,0.132516,0.0778422,9.06158e-05,0.729174
ifuse,conservative,pagerank,94,0.036239,7722266.0,21.9947,8.59655,8.78519,0.00683291,,0.364543,0.132516,0.0778422,9.06158e-05,0.729174
ifuse,nominal,pagerank,94,0.036239,7722266.0,21.9947,7.89694,8.78519,0.00683291,,0.364543,0.132516,0.0778422,9.06158e-05,0.729174
ifuse,conservative,pagerank,97,0.0181195,7722266.0,21.9947,8.59655,8.78519,0.00683291,,0.364543,0.132516,0.0778422,9.06158e-05,0.729174
ifuse,nominal,pagerank,97,0.0181195,7722266.0,21.9947,7.89694,8.78519,0.00683291,,0.364543,0.132516,0.0778422,9.06158e-05,0.729174
ifuse,conservative,pagerank,99,0.0634182,7722266.0,21.9947,8.59655,8.78519,0.00683291,,0.364543,0.132516,0.0778422,9.06158e-05,0.729174
ifuse,nominal,pagerank,99,0.0634182,7722266.0,21.9947,7.89694,8.78519,0.00683291,,0.364543,0.132516,0.0778422,9.06158e-05,0.729174
ifuse,conservative,corebench,4,0.1,11651815.0,21.9947,7.41819,8.78519,0.00683291,,0.364543,0.109559,0.0778422,9.06158e-05,0.729174
ifuse,nominal,corebench,4,0.1,11651815.0,21.9947,7.03,8.78519,0.00683291,,0.364543,0.109559,0.0778422,9.06158e-05,0.729174
ifuse,conservative,corebench,8,0.3,11628734.0,21.9947,7.40746,8.78519,0.00683291,,0.364543,0.110235,0.0778422,9.06158e-05,0.729174
ifuse,nominal,corebench,8,0.3,11628734.0,21.9947,7.00913,8.78519,0.00683291,,0.364543,0.110235,0.0778422,9.06158e-05,0.729174
ifuse,conservative,corebench,9,0.6,11621524.0,21.9947,7.43508,8.78519,0.00683291,,0.364543,0.109969,0.0778422,9.06158e-05,0.729174
ifuse,nominal,corebench,9,0.6,11621524.0,21.9947,7.04361,8.78519,0.00683291,,0.364543,0.109969,0.0778422,9.06158e-05,0.729174
ifuse,conservative,appworld,4,0.100654,17758622.0,21.9947,5.50321,8.78519,0.00683291,,0.364543,0.0666046,0.0778422,9.06158e-05,0.729174
ifuse,nominal,appworld,4,0.100654,17758622.0,21.9947,5.37606,8.78519,0.00683291,,0.364543,0.0666046,0.0778422,9.06158e-05,0.729174
ifuse,conservative,appworld,5,0.100654,17758622.0,21.9947,5.50321,8.78519,0.00683291,,0.364543,0.0666046,0.0778422,9.06158e-05,0.729174
ifuse,nominal,appworld,5,0.100654,17758622.0,21.9947,5.37606,8.78519,0.00683291,,0.364543,0.0666046,0.0778422,9.06158e-05,0.729174
ifuse,conservative,appworld,9,0.798692,17758622.0,21.9947,5.50321,8.78519,0.00683291,,0.364543,0.0666046,0.0778422,9.06158e-05,0.729174
ifuse,nominal,appworld,9,0.798692,17758622.0,21.9947,5.37606,8.78519,0.00683291,,0.364543,0.0666046,0.0778422,9.06158e-05,0.729174
ifuse,conservative,terminal_bench,12,0.411628,15007818.0,21.9947,4.88099,8.78519,0.00683291,,0.364543,0.0935563,0.0778422,9.06158e-05,0.729174
ifuse,nominal,terminal_bench,12,0.411628,15007818.0,21.9947,4.39215,8.78519,0.00683291,,0.364543,0.0935563,0.0778422,9.06158e-05,0.729174
ifuse,conservative,terminal_bench,5,0.588372,14630981.0,21.9947,4.99915,8.78519,0.00683291,,0.364543,0.0954787,0.0778422,9.06158e-05,0.729174
ifuse,nominal,terminal_bench,5,0.588372,14630981.0,21.9947,4.50243,8.78519,0.00683291,,0.364543,0.0954787,0.0778422,9.06158e-05,0.729174
ifuse,conservative,cachebench,0,1.0,18722970.0,21.9947,4.69365,8.78519,0.00683291,,0.364543,0.0733529,0.0778422,9.06158e-05,0.729174
ifuse,nominal,cachebench,0,1.0,18722970.0,21.9947,4.36131,8.78519,0.00683291,,0.364543,0.0733529,0.0778422,9.06158e-05,0.729174
ifuse,conservative,clickhouse,17,1.0,13192635.0,21.9947,7.56292,8.78519,0.00683291,,0.364543,0.0981621,0.0778422,9.06158e-05,0.729174
ifuse,nominal,clickhouse,17,1.0,13192635.0,21.9947,6.97671,8.78519,0.00683291,,0.364543,0.0981621,0.0778422,9.06158e-05,0.729174
ifuse,conservative,duckdb,5,0.299944,10130361.0,21.9947,8.43034,8.78519,0.00683291,,0.364543,0.143717,0.0778422,9.06158e-05,0.729174
ifuse,nominal,duckdb,5,0.299944,10130361.0,21.9947,7.75593,8.78519,0.00683291,,0.364543,0.143717,0.0778422,9.06158e-05,0.729174
ifuse,conservative,duckdb,6,0.69987,10130361.0,21.9947,8.43034,8.78519,0.00683291,,0.364543,0.143717,0.0778422,9.06158e-05,0.729174
ifuse,nominal,duckdb,6,0.69987,10130361.0,21.9947,7.75593,8.78519,0.00683291,,0.364543,0.143717,0.0778422,9.06158e-05,0.729174
ifuse,conservative,leveldb,5,0.59994,14735542.0,21.9947,5.66165,8.78519,0.00683291,,0.364543,0.0972532,0.0778422,9.06158e-05,0.729174
ifuse,nominal,leveldb,5,0.59994,14735542.0,21.9947,5.15266,8.78519,0.00683291,,0.364543,0.0972532,0.0778422,9.06158e-05,0.729174
ifuse,conservative,leveldb,9,0.39996,14735542.0,21.9947,5.66165,8.78519,0.00683291,,0.364543,0.0972532,0.0778422,9.06158e-05,0.729174
ifuse,nominal,leveldb,9,0.39996,14735542.0,21.9947,5.15266,8.78519,0.00683291,,0.364543,0.0972532,0.0778422,9.06158e-05,0.729174
ifuse,conservative,memcached,149,0.011685802337160467,18294228.0,21.9947,5.55108,8.78519,0.00683291,,0.364543,0.069784,0.0778422,9.06158e-05,0.729174
ifuse,nominal,memcached,149,0.011685802337160467,18294228.0,21.9947,5.20391,8.78519,0.00683291,,0.364543,0.069784,0.0778422,9.06158e-05,0.729174
ifuse,conservative,memcached,156,0.12854302570860512,18265502.0,21.9947,5.59113,8.78519,0.00683291,,0.364543,0.0716837,0.0778422,9.06158e-05,0.729174
ifuse,nominal,memcached,156,0.12854302570860512,18265502.0,21.9947,5.21461,8.78519,0.00683291,,0.364543,0.0716837,0.0778422,9.06158e-05,0.729174
ifuse,conservative,memcached,162,0.17528603505720702,16710950.0,21.9947,5.91834,8.78519,0.00683291,,0.364543,0.0755165,0.0778422,9.06158e-05,0.729174
ifuse,nominal,memcached,162,0.17528603505720702,16710950.0,21.9947,5.55479,8.78519,0.00683291,,0.364543,0.0755165,0.0778422,9.06158e-05,0.729174
ifuse,conservative,memcached,169,0.1527830305566061,17702704.0,21.9947,6.28842,8.78519,0.00683291,,0.364543,0.0705588,0.0778422,9.06158e-05,0.729174
ifuse,nominal,memcached,169,0.1527830305566061,17702704.0,21.9947,5.94522,8.78519,0.00683291,,0.364543,0.0705588,0.0778422,9.06158e-05,0.729174
ifuse,conservative,memcached,216,0.5317021063404213,22511818.0,21.9947,5.08697,8.78519,0.00683291,,0.364543,0.0559247,0.0778422,9.06158e-05,0.729174
ifuse,nominal,memcached,216,0.5317021063404213,22511818.0,21.9947,4.78726,8.78519,0.00683291,,0.364543,0.0559247,0.0778422,9.06158e-05,0.729174
ifuse-1c,conservative,bfs,103,0.0175294,7979476.0,21.9947,8.33347,8.78519,0.00683291,,0.364543,0.128052,0.0778422,9.06158e-05,0.729174
ifuse-1c,nominal,bfs,103,0.0175294,7979476.0,21.9947,7.63711,8.78519,0.00683291,,0.364543,0.128052,0.0778422,9.06158e-05,0.729174
ifuse-1c,conservative,bfs,17,0.877547,7979476.0,21.9947,8.33347,8.78519,0.00683291,,0.364543,0.128052,0.0778422,9.06158e-05,0.729174
ifuse-1c,nominal,bfs,17,0.877547,7979476.0,21.9947,7.63711,8.78519,0.00683291,,0.364543,0.128052,0.0778422,9.06158e-05,0.729174
ifuse-1c,conservative,bfs,94,0.0286156,7979476.0,21.9947,8.33347,8.78519,0.00683291,,0.364543,0.128052,0.0778422,9.06158e-05,0.729174
ifuse-1c,nominal,bfs,94,0.0286156,7979476.0,21.9947,7.63711,8.78519,0.00683291,,0.364543,0.128052,0.0778422,9.06158e-05,0.729174
ifuse-1c,conservative,bfs,96,0.0667698,7979476.0,21.9947,8.33347,8.78519,0.00683291,,0.364543,0.128052,0.0778422,9.06158e-05,0.729174
ifuse-1c,nominal,bfs,96,0.0667698,7979476.0,21.9947,7.63711,8.78519,0.00683291,,0.364543,0.128052,0.0778422,9.06158e-05,0.729174
ifuse-1c,conservative,dfs,28,0.370983,7890581.0,21.9947,8.43944,8.78519,0.00683291,,0.364543,0.129042,0.0778422,9.06158e-05,0.729174
ifuse-1c,nominal,dfs,28,0.370983,7890581.0,21.9947,7.76654,8.78519,0.00683291,,0.364543,0.129042,0.0778422,9.06158e-05,0.729174
ifuse-1c,conservative,dfs,8,0.527186,7890581.0,21.9947,8.43944,8.78519,0.00683291,,0.364543,0.129042,0.0778422,9.06158e-05,0.729174
ifuse-1c,nominal,dfs,8,0.527186,7890581.0,21.9947,7.76654,8.78519,0.00683291,,0.364543,0.129042,0.0778422,9.06158e-05,0.729174
ifuse-1c,conservative,dfs,94,0.0292881,7890581.0,21.9947,8.43944,8.78519,0.00683291,,0.364543,0.129042,0.0778422,9.06158e-05,0.729174
ifuse-1c,nominal,dfs,94,0.0292881,7890581.0,21.9947,7.76654,8.78519,0.00683291,,0.364543,0.129042,0.0778422,9.06158e-05,0.729174
ifuse-1c,conservative,dfs,96,0.068339,7890581.0,21.9947,8.43944,8.78519,0.00683291,,0.364543,0.129042,0.0778422,9.06158e-05,0.729174
ifuse-1c,nominal,dfs,96,0.068339,7890581.0,21.9947,7.76654,8.78519,0.00683291,,0.364543,0.129042,0.0778422,9.06158e-05,0.729174
ifuse-1c,conservative,pagerank,107,0.0396669,7828343.0,21.9947,8.48844,8.78519,0.00683291,,0.364543,0.13072,0.0778422,9.06158e-05,0.729174
ifuse-1c,nominal,pagerank,107,0.0396669,7828343.0,21.9947,7.79832,8.78519,0.00683291,,0.364543,0.13072,0.0778422,9.06158e-05,0.729174
ifuse-1c,conservative,pagerank,91,0.842556,7828343.0,21.9947,8.48844,8.78519,0.00683291,,0.364543,0.13072,0.0778422,9.06158e-05,0.729174
ifuse-1c,nominal,pagerank,91,0.842556,7828343.0,21.9947,7.79832,8.78519,0.00683291,,0.364543,0.13072,0.0778422,9.06158e-05,0.729174
ifuse-1c,conservative,pagerank,94,0.036239,7828343.0,21.9947,8.48844,8.78519,0.00683291,,0.364543,0.13072,0.0778422,9.06158e-05,0.729174
ifuse-1c,nominal,pagerank,94,0.036239,7828343.0,21.9947,7.79832,8.78519,0.00683291,,0.364543,0.13072,0.0778422,9.06158e-05,0.729174
ifuse-1c,conservative,pagerank,97,0.0181195,7828343.0,21.9947,8.48844,8.78519,0.00683291,,0.364543,0.13072,0.0778422,9.06158e-05,0.729174
ifuse-1c,nominal,pagerank,97,0.0181195,7828343.0,21.9947,7.79832,8.78519,0.00683291,,0.364543,0.13072,0.0778422,9.06158e-05,0.729174
ifuse-1c,conservative,pagerank,99,0.0634182,7828343.0,21.9947,8.48844,8.78519,0.00683291,,0.364543,0.13072,0.0778422,9.06158e-05,0.729174
ifuse-1c,nominal,pagerank,99,0.0634182,7828343.0,21.9947,7.79832,8.78519,0.00683291,,0.364543,0.13072,0.0778422,9.06158e-05,0.729174
ifuse-1c,conservative,corebench,4,0.1,11984026.0,21.9947,7.23686,8.78519,0.00683291,,0.364543,0.106522,0.0778422,9.06158e-05,0.729174
ifuse-1c,nominal,corebench,4,0.1,11984026.0,21.9947,6.85943,8.78519,0.00683291,,0.364543,0.106522,0.0778422,9.06158e-05,0.729174
ifuse-1c,conservative,corebench,8,0.3,11968826.0,21.9947,7.21298,8.78519,0.00683291,,0.364543,0.107102,0.0778422,9.06158e-05,0.729174
ifuse-1c,nominal,corebench,8,0.3,11968826.0,21.9947,6.82597,8.78519,0.00683291,,0.364543,0.107102,0.0778422,9.06158e-05,0.729174
ifuse-1c,conservative,corebench,9,0.6,11963588.0,21.9947,7.24416,8.78519,0.00683291,,0.364543,0.106825,0.0778422,9.06158e-05,0.729174
ifuse-1c,nominal,corebench,9,0.6,11963588.0,21.9947,6.86388,8.78519,0.00683291,,0.364543,0.106825,0.0778422,9.06158e-05,0.729174
ifuse-1c,conservative,appworld,4,0.100654,18019474.0,21.9947,5.42806,8.78519,0.00683291,,0.364543,0.0656404,0.0778422,9.06158e-05,0.729174
ifuse-1c,nominal,appworld,4,0.100654,18019474.0,21.9947,5.30274,8.78519,0.00683291,,0.364543,0.0656404,0.0778422,9.06158e-05,0.729174
ifuse-1c,conservative,appworld,5,0.100654,18019474.0,21.9947,5.42806,8.78519,0.00683291,,0.364543,0.0656404,0.0778422,9.06158e-05,0.729174
ifuse-1c,nominal,appworld,5,0.100654,18019474.0,21.9947,5.30274,8.78519,0.00683291,,0.364543,0.0656404,0.0778422,9.06158e-05,0.729174
ifuse-1c,conservative,appworld,9,0.798692,18019474.0,21.9947,5.42806,8.78519,0.00683291,,0.364543,0.0656404,0.0778422,9.06158e-05,0.729174
ifuse-1c,nominal,appworld,9,0.798692,18019474.0,21.9947,5.30274,8.78519,0.00683291,,0.364543,0.0656404,0.0778422,9.06158e-05,0.729174
ifuse-1c,conservative,terminal_bench,12,0.411628,15282258.0,21.9947,4.79977,8.78519,0.00683291,,0.364543,0.0918762,0.0778422,9.06158e-05,0.729174
ifuse-1c,nominal,terminal_bench,12,0.411628,15282258.0,21.9947,4.31972,8.78519,0.00683291,,0.364543,0.0918762,0.0778422,9.06158e-05,0.729174
ifuse-1c,conservative,terminal_bench,5,0.588372,14928803.0,21.9947,4.90656,8.78519,0.00683291,,0.364543,0.0935739,0.0778422,9.06158e-05,0.729174
ifuse-1c,nominal,terminal_bench,5,0.588372,14928803.0,21.9947,4.41975,8.78519,0.00683291,,0.364543,0.0935739,0.0778422,9.06158e-05,0.729174
ifuse-1c,conservative,cachebench,0,1.0,19124168.0,21.9947,4.60635,8.78519,0.00683291,,0.364543,0.071814,0.0778422,9.06158e-05,0.729174
ifuse-1c,nominal,cachebench,0,1.0,19124168.0,21.9947,4.28098,8.78519,0.00683291,,0.364543,0.071814,0.0778422,9.06158e-05,0.729174
ifuse-1c,conservative,clickhouse,17,1.0,13260197.0,21.9947,7.52624,8.78519,0.00683291,,0.364543,0.0976619,0.0778422,9.06158e-05,0.729174
ifuse-1c,nominal,clickhouse,17,1.0,13260197.0,21.9947,6.94301,8.78519,0.00683291,,0.364543,0.0976619,0.0778422,9.06158e-05,0.729174
ifuse-1c,conservative,duckdb,5,0.299944,10162510.0,21.9947,8.41223,8.78519,0.00683291,,0.364543,0.143263,0.0778422,9.06158e-05,0.729174
ifuse-1c,nominal,duckdb,5,0.299944,10162510.0,21.9947,7.73995,8.78519,0.00683291,,0.364543,0.143263,0.0778422,9.06158e-05,0.729174
ifuse-1c,conservative,duckdb,6,0.69987,10162510.0,21.9947,8.41223,8.78519,0.00683291,,0.364543,0.143263,0.0778422,9.06158e-05,0.729174
ifuse-1c,nominal,duckdb,6,0.69987,10162510.0,21.9947,7.73995,8.78519,0.00683291,,0.364543,0.143263,0.0778422,9.06158e-05,0.729174
ifuse-1c,conservative,leveldb,5,0.59994,15128390.0,21.9947,5.53881,8.78519,0.00683291,,0.364543,0.0947277,0.0778422,9.06158e-05,0.729174
ifuse-1c,nominal,leveldb,5,0.59994,15128390.0,21.9947,5.04304,8.78519,0.00683291,,0.364543,0.0947277,0.0778422,9.06158e-05,0.729174
ifuse-1c,conservative,leveldb,9,0.39996,15128390.0,21.9947,5.53881,8.78519,0.00683291,,0.364543,0.0947277,0.0778422,9.06158e-05,0.729174
ifuse-1c,nominal,leveldb,9,0.39996,15128390.0,21.9947,5.04304,8.78519,0.00683291,,0.364543,0.0947277,0.0778422,9.06158e-05,0.729174
ifuse-1c,conservative,memcached,149,0.011685802337160467,18345113.0,21.9947,5.53907,8.78519,0.00683291,,0.364543,0.0695904,0.0778422,9.06158e-05,0.729174
ifuse-1c,nominal,memcached,149,0.011685802337160467,18345113.0,21.9947,5.19287,8.78519,0.00683291,,0.364543,0.0695904,0.0778422,9.06158e-05,0.729174
ifuse-1c,conservative,memcached,156,0.12854302570860512,18319750.0,21.9947,5.57717,8.78519,0.00683291,,0.364543,0.0714714,0.0778422,9.06158e-05,0.729174
ifuse-1c,nominal,memcached,156,0.12854302570860512,18319750.0,21.9947,5.20176,8.78519,0.00683291,,0.364543,0.0714714,0.0778422,9.06158e-05,0.729174
ifuse-1c,conservative,memcached,162,0.17528603505720702,16749529.0,21.9947,5.92186,8.78519,0.00683291,,0.364543,0.0753426,0.0778422,9.06158e-05,0.729174
ifuse-1c,nominal,memcached,162,0.17528603505720702,16749529.0,21.9947,5.55914,8.78519,0.00683291,,0.364543,0.0753426,0.0778422,9.06158e-05,0.729174
ifuse-1c,conservative,memcached,169,0.1527830305566061,17745130.0,21.9947,6.27734,8.78519,0.00683291,,0.364543,0.0703901,0.0778422,9.06158e-05,0.729174
ifuse-1c,nominal,memcached,169,0.1527830305566061,17745130.0,21.9947,5.93497,8.78519,0.00683291,,0.364543,0.0703901,0.0778422,9.06158e-05,0.729174
ifuse-1c,conservative,memcached,216,0.5317021063404213,22587474.0,21.9947,5.07575,8.78519,0.00683291,,0.364543,0.0557374,0.0778422,9.06158e-05,0.729174
ifuse-1c,nominal,memcached,216,0.5317021063404213,22587474.0,21.9947,4.77705,8.78519,0.00683291,,0.364543,0.0557374,0.0778422,9.06158e-05,0.729174
