app,config,l1d_bound,speedup,core_energy_rel,core_avg_power_W,core_avg_power_rel,ifuse_share_of_core_energy,ifuse_avg_power_W
bfs,baseline,nominal,1.0,1.0,15.811792290000005,1.0,0.0,0.0
bfs,ifuse,nominal,1.1941419424355018,0.8782094387668505,16.581932910000003,1.0487067250742388,0.012585433612154204,0.20869081579999998
bfs,ifuse,conservative,1.1941419424355018,0.9158695337092038,17.29301291,1.0936782240010057,0.012067926907018077,0.20869081579999998
bfs,ifuse-1c,nominal,1.1694328048608704,0.8885017139400717,16.42913291,1.0390430514566287,0.01253777767386751,0.20598481579999997
bfs,ifuse-1c,conservative,1.1694328048608704,0.9261614648781572,17.125492909999995,1.0830835996265158,0.012027964209994819,0.20598481579999997
dfs,baseline,nominal,1.0,1.0,15.820862289999999,1.0,0.0,0.0
dfs,ifuse,nominal,1.2145413259666349,0.8726668457864887,16.768372909999997,1.0598899480086428,0.01255833329388904,0.2105828158
dfs,ifuse,conservative,1.2145413259666349,0.9086656343277099,17.460092909999997,1.10361196437669,0.012060807286964204,0.2105828158
dfs,ifuse-1c,nominal,1.1815100814502761,0.885839537988313,16.55856291,1.0466283446804465,0.01249956393709773,0.20697481580000002
dfs,ifuse-1c,conservative,1.1815100814502761,0.9218379170959803,17.23146291,1.0891607925120244,0.012011447715207369,0.20697481580000002
pagerank,baseline,nominal,1.0,1.0,15.88757229,1.0,0.0,0.0
pagerank,ifuse,nominal,1.1951416850960583,0.8789262099235535,16.688962909999997,1.0504413516031277,0.012610059530655396,0.2104488157999999
pagerank,ifuse,conservative,1.1951416850960583,0.9157712535035932,17.388572909999997,1.094476399074814,0.012102707731637533,0.2104488157999999
pagerank,ifuse-1c,nominal,1.1789470645320475,0.8857344112481315,16.590342910000004,1.044233984096006,0.012576763297293412,0.2086528158
pagerank,ifuse-1c,conservative,1.1789470645320475,0.9225789198400616,17.280462910000004,1.0876717093445876,0.01207449226833241,0.2086528158
corebench,baseline,nominal,1.0,1.0,14.842021092900247,1.0,0.0,0.0
corebench,ifuse,nominal,1.225618014359188,0.8698932995960151,15.823923176697834,1.06615689855523,0.011876987713061964,0.18794054114207662
corebench,ifuse,conservative,1.225618014359188,0.8915087824539747,16.21712282581621,1.0926492237350176,0.011589018789627224,0.18794054114207662
corebench,ifuse-1c,nominal,1.1907471162518575,0.8851920838164573,15.644082742221116,1.0540399211334188,0.011813449693405727,0.18481058447470589
corebench,ifuse-1c,conservative,1.1907471162518575,0.9068076468373532,16.02609661536902,1.079778590466711,0.011531852634500692,0.18481058447470589
appworld,baseline,nominal,1.0,1.0,13.72785229,1.0,0.0,0.0
appworld,ifuse,nominal,1.0979154801538094,0.9400253890196787,14.168082910000003,1.0320684263423119,0.010201621258016762,0.1445374158
appworld,ifuse,conservative,1.0979154801538094,0.9484615500001802,14.295232910000003,1.0413306180758741,0.01011088218778801,0.1445374158
appworld,ifuse-1c,nominal,1.0820219280540597,0.9488970908661489,14.094762910000002,1.0267274597838787,0.01018628101208692,0.14357321580000001
appworld,ifuse-1c,conservative,1.0820219280540597,0.9573339680372418,14.220082910000004,1.0358563458873,0.010096510456984387,0.14357321580000001
terminal_bench,baseline,nominal,1.0,1.0,13.105917773026972,1.0,0.0,0.0
terminal_bench,ifuse,nominal,1.1345510882983325,0.8909866794063044,13.248377877482714,1.01086990677974,0.013028639266669521,0.1726083362342471
terminal_bench,ifuse,conservative,1.1345510882983325,0.9241709334336579,13.741805610015936,1.0485191383008423,0.012560819235314952,0.1726083362342471
terminal_bench,ifuse-1c,nominal,1.1128602180513816,0.9029811787475666,13.170029714128107,1.0048918314773103,0.012968706814607179,0.1707982541021922
terminal_bench,ifuse-1c,conservative,1.1128602180513816,0.9361650798364263,13.654018720385286,1.0418208748788544,0.012509009808752676,0.1707982541021922
cachebench,baseline,nominal,1.0,1.0,12.83382229,1.0,0.0,0.0
cachebench,ifuse,nominal,1.1526925482442156,0.8891321319286875,13.153332910000001,1.0248959828786908,0.011501702027550976,0.1512857158
cachebench,ifuse,conservative,1.1526925482442156,0.9115974777651428,13.48567291,1.050791619618102,0.011218254870160572,0.1512857158
cachebench,ifuse-1c,nominal,1.1285106886741425,0.9026380973283938,13.07300291,1.0186367408395833,0.011454660939871237,0.14974681580000002
cachebench,ifuse-1c,conservative,1.1285106886741425,0.9251035828598844,13.398372909999999,1.0439892813881249,0.011176492608907393,0.14974681580000002
clickhouse,baseline,nominal,1.0,1.0,14.958922290000002,1.0,0.0,0.0
clickhouse,ifuse,nominal,1.2191215780623053,0.8646681715792285,15.768732910000002,1.0541356258359171,0.011167347231071845,0.1760949158
clickhouse,ifuse,conservative,1.2191215780623053,0.8968126141133532,16.35494291,1.0933236093440524,0.010767076153615262,0.1760949158
clickhouse,ifuse-1c,nominal,1.2129100344436812,0.8672389211690709,15.735032910000003,1.0518827897460787,0.011159475598453004,0.1755947158
clickhouse,ifuse-1c,conservative,1.2129100344436812,0.8993837383351022,16.31826291,1.0908715610421156,0.010760625488659931,0.1755947158
duckdb,baseline,nominal,1.0,1.0,16.81974229,1.0,0.0,0.0
duckdb,ifuse,nominal,1.0379562979048824,0.9478636544423039,16.547952910000003,0.9838410496835265,0.013394394884098083,0.22164981580000007
duckdb,ifuse,conservative,1.0379562979048824,0.9864937333813208,17.222362910000005,1.023937383406842,0.012869884170847496,0.22164981580000007
duckdb,ifuse-1c,nominal,1.0346727334093644,0.9499534915113339,16.53197291,0.9828909756738015,0.013379880127083996,0.22119581579999997
duckdb,ifuse-1c,conservative,1.0346727334093644,0.9885837709552916,17.204252909999997,1.0228606724984486,0.012857042788032347,0.22119581579999997
leveldb,baseline,nominal,1.0,1.0,13.64066229,1.0,0.0,0.0
leveldb,ifuse,nominal,1.1660454023340303,0.8767135632356186,13.944682910000001,1.0222878195747782,0.012562925735254313,0.1751860158
leveldb,ifuse,conservative,1.1660454023340303,0.9087141787699661,14.45367291,1.0596019901904632,0.012120518908297339,0.1751860158
leveldb,ifuse-1c,nominal,1.135766000215489,0.8930110187236279,13.835062910000001,1.014251552884094,0.012479922709653944,0.1726605158
leveldb,ifuse-1c,conservative,1.135766000215489,0.925011456714597,14.330832909999998,1.0505965623462405,0.012048184281007015,0.1726605158
memcached,baseline,nominal,1.0,1.0,13.79058047135627,1.0,0.0,0.0
memcached,ifuse,nominal,1.0817858679695478,0.9317494657142242,13.900262536104766,1.0079534044978244,0.010118374047544386,0.14064805569937597
memcached,ifuse,conservative,1.0817858679695478,0.9534851616967415,14.224525539926669,1.031466773242194,0.009887715080871587,0.14064805569937597
memcached,ifuse-1c,nominal,1.0785212506791881,0.9339916414272921,13.891663126439928,1.007329833236071,0.010111014310730878,0.14045880467128657
memcached,ifuse-1c,conservative,1.0785212506791881,0.9557271128999111,14.214944228967305,1.0307720011128219,0.009881066179989559,0.14045880467128657
